{"temp": 22.288984375, "gas": 62442, "humidity": 37.38976103318824, "pressure": 983.5189537962563, "altitude": 250.52490815097008}{"temp": 22.2946484375, "gas": 53809, "humidity": 37.67901502277422, "pressure": 983.1534991078793, "altitude": 253.64229966372451}{"temp": 22.3212109375, "gas": 28680, "humidity": 37.783701329240515, "pressure": 983.2455640438385, "altitude": 252.85688148418745}{"temp": 22.3212109375, "gas": 22794, "humidity": 37.74968558205227, "pressure": 983.0410583316426, "altitude": 254.6016276241766}{"temp": 22.3251171875, "gas": 21185, "humidity": 37.744408985855245, "pressure": 983.0543958628227, "altitude": 254.4878291498512}Hello